"DevOps - Sr. SRE, AR - GRD (FF)",Amazon.com Services LLC,https://www.amazon.jobs/en/jobs/2902367/devops-sr-sre-ar-grd-ff,,"USA, MA, Boston; USA, TN, Nashville; USA, WA, Seattle; USA, VA, Arlington"
"DevOps Engineer, Amazon",Amazon,https://www.amazon.jobs/search/base_query=devops,,
1000+ Amazon Devops jobs in India (20 new),Amazon,https://in.linkedin.com/jobs/amazon-devops-jobs,,
731 Amazon Devops Engineer jobs in India (38 new),Amazon,https://in.linkedin.com/jobs/amazon-devops-engineer...,,
Amazon Devops jobs | Glassdoor,Amazon,https://www.glassdoor.co.in/Jobs/Amazon-devops-J...,,
"DevOps Engineer, Amazon - Job ID: 2976877",Amazon,https://www.amazon.jobs/jobs/2976877,,
"Graduate Devops Engineer, AWS - Job ID: 2709979",Amazon,https://www.amazon.jobs/jobs/graduate-devops-engi...,,
Aws Devops Engineer Jobs In Bengaluru Bangalore,Amazon,https://www.naukri.com/aws-devops-engineer-jobs-in...,,
1000+ Amazon Site Reliability Engineer jobs in India,Amazon,https://in.linkedin.com/jobs/amazon-site-reliability-en...,,
Site Reliability Engineer job at Amazon,Amazon,https://www.instahyre.com/job-311504-site-reliability...,,
"Site Reliability Engineer/Platform Engineer, Managed",Amazon,https://www.amazon.jobs/jobs/site-reliability-engine...,,
"Developer Advocate, SRE/DevOps, AWS",Amazon,https://www.amazon.jobs/jobs/developer-advocate-s...,,
Amazon Site Reliability Engineer jobs - Glassdoor,Amazon,https://glassdoor.co.in/Jobs/Amazon-Site-relia...,,
Principal Site Reliability Engineer,Hashicorp,https://www.hashicorp.com/en/careers/open-positions,,United States|Remote
Staff Engineer - Internal Platform,Hashicorp,https://www.hashicorp.com/en/careers/open-positions,,United States|Remote
"Engineering Manager, Core Identity Systems Team",Hashicorp,https://www.hashicorp.com/en/careers/open-positions,,United States - California - San Francisco|Remote
"Sr. Engineer - Fullstack - Terraform Ecosystem, Hybrid Cloud",Hashicorp,https://www.hashicorp.com/en/careers/open-positions,,United States|Remote
Sr. Engineer - Backend (Multiple Openings),Hashicorp,https://www.hashicorp.com/en/careers/open-positions,,United States|Remote
Sr. Backend Engineer (Multiple Positions),Hashicorp,https://www.hashicorp.com/en/careers/open-positions,,United States|Remote
Sr. Solutions Engineer,Hashicorp,https://www.hashicorp.com/en/careers/open-positions,,
Senior Security Incident Response Engineer,Hashicorp,https://www.hashicorp.com/en/careers/open-positions,,India - Bengaluru|Hybrid
Senior Engineering Manager - R&D (Hybrid),Hashicorp,https://www.hashicorp.com/en/careers/open-positions,,India - Bengaluru|Remote
Sr. Software Development Engineer - Backend (Multiple Roles),Hashicorp,https://www.hashicorp.com/en/careers/open-positions,,India - Bengaluru|Hybrid
Site Reliability Engineer,Hashicorp,https://www.hashicorp.com/en/careers/open-positions,,United States|Remote
Infrastructure Engineer,Hashicorp,https://www.hashicorp.com/en/careers/open-positions,,United States|Remote
Cloud Engineer,Hashicorp,https://www.hashicorp.com/en/careers/open-positions,,United States|Remote
Automation Engineer,Hashicorp,https://www.hashicorp.com/en/careers/open-positions,,United States|Remote
Platform Engineer,Hashicorp,https://www.hashicorp.com/en/careers/open-positions,,United States|Remote
